period,age,value,measure,unit_type,source,details
2001,11,326044.1288,Paid Loss,Dollars,Triangle Examples 1.xlsx,
2001,23,1047371.7984000001,Paid Loss,Dollars,Triangle Examples 1.xlsx,
2001,35,1545726.6560000002,Paid Loss,Dollars,Triangle Examples 1.xlsx,
2001,47,1910965.5440000002,Paid Loss,Dollars,Triangle Examples 1.xlsx,
2001,59,2224220.1096,Paid Loss,Dollars,Triangle Examples 1.xlsx,
2001,71,2283775.993292,Paid Loss,Dollars,Triangle Examples 1.xlsx,
2001,83,2261772.996088,Paid Loss,Dollars,Triangle Examples 1.xlsx,
2001,95,2292314.1747800005,Paid Loss,Dollars,Triangle Examples 1.xlsx,
2001,107,2314545.370412,Paid Loss,Dollars,Triangle Examples 1.xlsx,
2001,119,2342384.588928,Paid Loss,Dollars,Triangle Examples 1.xlsx,
2001,131,2398200.013636,Paid Loss,Dollars,Triangle Examples 1.xlsx,
2001,143,2455705.4764560005,Paid Loss,Dollars,Triangle Examples 1.xlsx,
2001,155,2495723.8508,Paid Loss,Dollars,Triangle Examples 1.xlsx,
2001,167,2559116.70902,Paid Loss,Dollars,Triangle Examples 1.xlsx,
2001,179,2614164.5488,Paid Loss,Dollars,Triangle Examples 1.xlsx,
2001,191,2694350.0428000004,Paid Loss,Dollars,Triangle Examples 1.xlsx,
2001,203,2782412.2292000004,Paid Loss,Dollars,Triangle Examples 1.xlsx,
2001,215,2857646.135336,Paid Loss,Dollars,Triangle Examples 1.xlsx,
2001,227,2967071.8539759996,Paid Loss,Dollars,Triangle Examples 1.xlsx,
2001,239,2967071.8539759996,Paid Loss,Dollars,Triangle Examples 1.xlsx,
2001,251,2989162.037152,Paid Loss,Dollars,Triangle Examples 1.xlsx,
2001,263,3011385.803436,Paid Loss,Dollars,Triangle Examples 1.xlsx,
2001,275,3030381.2211039998,Paid Loss,Dollars,Triangle Examples 1.xlsx,
2001,287,3042294.6622760003,Paid Loss,Dollars,Triangle Examples 1.xlsx,
2002,11,357360.87600000005,Paid Loss,Dollars,Triangle Examples 1.xlsx,
2002,23,911072.9536000001,Paid Loss,Dollars,Triangle Examples 1.xlsx,
2002,35,1220370.0388000002,Paid Loss,Dollars,Triangle Examples 1.xlsx,
2002,47,1318345.0604,Paid Loss,Dollars,Triangle Examples 1.xlsx,
2002,59,1483442.06384,Paid Loss,Dollars,Triangle Examples 1.xlsx,
2002,71,1621735.0881600003,Paid Loss,Dollars,Triangle Examples 1.xlsx,
2002,83,1658328.8101920001,Paid Loss,Dollars,Triangle Examples 1.xlsx,
2002,95,1687704.33342,Paid Loss,Dollars,Triangle Examples 1.xlsx,
2002,107,1729579.7280600003,Paid Loss,Dollars,Triangle Examples 1.xlsx,
2002,119,1750198.887136,Paid Loss,Dollars,Triangle Examples 1.xlsx,
2002,131,1780997.2030840002,Paid Loss,Dollars,Triangle Examples 1.xlsx,
2002,143,1814423.6080000002,Paid Loss,Dollars,Triangle Examples 1.xlsx,
2002,155,1856047.2361560003,Paid Loss,Dollars,Triangle Examples 1.xlsx,
2002,167,1903391.04,Paid Loss,Dollars,Triangle Examples 1.xlsx,
2002,179,1943619.046,Paid Loss,Dollars,Triangle Examples 1.xlsx,
2002,191,1981569.4224000003,Paid Loss,Dollars,Triangle Examples 1.xlsx,
2002,203,2038029.9203720002,Paid Loss,Dollars,Triangle Examples 1.xlsx,
2002,215,2079212.9736760003,Paid Loss,Dollars,Triangle Examples 1.xlsx,
2002,227,2112239.6717520007,Paid Loss,Dollars,Triangle Examples 1.xlsx,
2002,239,2137830.2786720004,Paid Loss,Dollars,Triangle Examples 1.xlsx,
2002,251,2159388.412324,Paid Loss,Dollars,Triangle Examples 1.xlsx,
2002,263,2180051.144592,Paid Loss,Dollars,Triangle Examples 1.xlsx,
2002,275,2199646.2280880003,Paid Loss,Dollars,Triangle Examples 1.xlsx,
2003,11,463735.15160000004,Paid Loss,Dollars,Triangle Examples 1.xlsx,
2003,23,1151781.1896000002,Paid Loss,Dollars,Triangle Examples 1.xlsx,
2003,35,1329665.9088,Paid Loss,Dollars,Triangle Examples 1.xlsx,
2003,47,1449345.2757320001,Paid Loss,Dollars,Triangle Examples 1.xlsx,
2003,59,1676909.34562,Paid Loss,Dollars,Triangle Examples 1.xlsx,
2003,71,1760385.6185120002,Paid Loss,Dollars,Triangle Examples 1.xlsx,
2003,83,1763038.7139,Paid Loss,Dollars,Triangle Examples 1.xlsx,
2003,95,1775400.1196840003,Paid Loss,Dollars,Triangle Examples 1.xlsx,
2003,107,1772848.0924600002,Paid Loss,Dollars,Triangle Examples 1.xlsx,
2003,119,1777183.1895960001,Paid Loss,Dollars,Triangle Examples 1.xlsx,
2003,131,1773811.5984000002,Paid Loss,Dollars,Triangle Examples 1.xlsx,
2003,143,1774200.3261680002,Paid Loss,Dollars,Triangle Examples 1.xlsx,
2003,155,1774330.2012000002,Paid Loss,Dollars,Triangle Examples 1.xlsx,
2003,167,1774330.715844,Paid Loss,Dollars,Triangle Examples 1.xlsx,
2003,179,1774330.715844,Paid Loss,Dollars,Triangle Examples 1.xlsx,
2003,191,1774330.108828,Paid Loss,Dollars,Triangle Examples 1.xlsx,
2003,203,1778091.5758439992,Paid Loss,Dollars,Triangle Examples 1.xlsx,
2003,215,1778091.5758439994,Paid Loss,Dollars,Triangle Examples 1.xlsx,
2003,227,1778091.5758439994,Paid Loss,Dollars,Triangle Examples 1.xlsx,
2003,239,1778091.5758439994,Paid Loss,Dollars,Triangle Examples 1.xlsx,
2003,251,1778091.5758439994,Paid Loss,Dollars,Triangle Examples 1.xlsx,
2003,263,1778091.5758439994,Paid Loss,Dollars,Triangle Examples 1.xlsx,
2004,11,256887.85160000002,Paid Loss,Dollars,Triangle Examples 1.xlsx,
2004,23,625982.6108,Paid Loss,Dollars,Triangle Examples 1.xlsx,
2004,35,806963.7318119988,Paid Loss,Dollars,Triangle Examples 1.xlsx,
2004,47,903626.9918360001,Paid Loss,Dollars,Triangle Examples 1.xlsx,
2004,59,1055143.97848,Paid Loss,Dollars,Triangle Examples 1.xlsx,
2004,71,1059021.0952400002,Paid Loss,Dollars,Triangle Examples 1.xlsx,
2004,83,1076244.8971240001,Paid Loss,Dollars,Triangle Examples 1.xlsx,
2004,95,1084642.224508,Paid Loss,Dollars,Triangle Examples 1.xlsx,
2004,107,1104688.400068,Paid Loss,Dollars,Triangle Examples 1.xlsx,
2004,119,1097915.1176,Paid Loss,Dollars,Triangle Examples 1.xlsx,
2004,131,1101856.2481560002,Paid Loss,Dollars,Triangle Examples 1.xlsx,
2004,143,1108902.1072000002,Paid Loss,Dollars,Triangle Examples 1.xlsx,
2004,155,1109362.6476,Paid Loss,Dollars,Triangle Examples 1.xlsx,
2004,167,1111377.6768,Paid Loss,Dollars,Triangle Examples 1.xlsx,
2004,179,1112023.713372,Paid Loss,Dollars,Triangle Examples 1.xlsx,
2004,191,1122581.0808000003,Paid Loss,Dollars,Triangle Examples 1.xlsx,
2004,203,1122581.0808000003,Paid Loss,Dollars,Triangle Examples 1.xlsx,
2004,215,1122581.0808000003,Paid Loss,Dollars,Triangle Examples 1.xlsx,
2004,227,1122581.0808000003,Paid Loss,Dollars,Triangle Examples 1.xlsx,
2004,239,1122614.7306000004,Paid Loss,Dollars,Triangle Examples 1.xlsx,
2004,251,1122614.7306000004,Paid Loss,Dollars,Triangle Examples 1.xlsx,
2005,11,608992.7608,Paid Loss,Dollars,Triangle Examples 1.xlsx,
2005,23,1236895.495168,Paid Loss,Dollars,Triangle Examples 1.xlsx,
2005,35,1567631.4221800002,Paid Loss,Dollars,Triangle Examples 1.xlsx,
2005,47,1636425.4163960002,Paid Loss,Dollars,Triangle Examples 1.xlsx,
2005,59,1758637.9006840002,Paid Loss,Dollars,Triangle Examples 1.xlsx,
2005,71,1795133.3653000002,Paid Loss,Dollars,Triangle Examples 1.xlsx,
2005,83,1833000.6992720002,Paid Loss,Dollars,Triangle Examples 1.xlsx,
2005,95,1852087.552024,Paid Loss,Dollars,Triangle Examples 1.xlsx,
2005,107,1859809.9304000002,Paid Loss,Dollars,Triangle Examples 1.xlsx,
2005,119,1915619.6280440001,Paid Loss,Dollars,Triangle Examples 1.xlsx,
2005,131,1970034.7988000002,Paid Loss,Dollars,Triangle Examples 1.xlsx,
2005,143,2009947.4204000002,Paid Loss,Dollars,Triangle Examples 1.xlsx,
2005,155,2075716.2844000002,Paid Loss,Dollars,Triangle Examples 1.xlsx,
2005,167,2114878.805772,Paid Loss,Dollars,Triangle Examples 1.xlsx,
2005,179,2178586.62612,Paid Loss,Dollars,Triangle Examples 1.xlsx,
2005,191,2195933.586272,Paid Loss,Dollars,Triangle Examples 1.xlsx,
2005,203,2238397.707256,Paid Loss,Dollars,Triangle Examples 1.xlsx,
2005,215,2242149.132116,Paid Loss,Dollars,Triangle Examples 1.xlsx,
2005,227,2242149.132116,Paid Loss,Dollars,Triangle Examples 1.xlsx,
2005,239,2242149.132116,Paid Loss,Dollars,Triangle Examples 1.xlsx,
2006,11,284786.42572400003,Paid Loss,Dollars,Triangle Examples 1.xlsx,
2006,23,699582.2055320002,Paid Loss,Dollars,Triangle Examples 1.xlsx,
2006,35,893260.3461960001,Paid Loss,Dollars,Triangle Examples 1.xlsx,
2006,47,972843.9706360002,Paid Loss,Dollars,Triangle Examples 1.xlsx,
2006,59,1032368.856924,Paid Loss,Dollars,Triangle Examples 1.xlsx,
2006,71,1080435.682804,Paid Loss,Dollars,Triangle Examples 1.xlsx,
2006,83,1125111.994424,Paid Loss,Dollars,Triangle Examples 1.xlsx,
2006,95,1132751.2380000001,Paid Loss,Dollars,Triangle Examples 1.xlsx,
2006,107,1168539.093508,Paid Loss,Dollars,Triangle Examples 1.xlsx,
2006,119,1216433.672,Paid Loss,Dollars,Triangle Examples 1.xlsx,
2006,131,1328624.7444000002,Paid Loss,Dollars,Triangle Examples 1.xlsx,
2006,143,1365342.6144,Paid Loss,Dollars,Triangle Examples 1.xlsx,
2006,155,1379576.1499,Paid Loss,Dollars,Triangle Examples 1.xlsx,
2006,167,1405359.4184199998,Paid Loss,Dollars,Triangle Examples 1.xlsx,
2006,179,1414931.5329000005,Paid Loss,Dollars,Triangle Examples 1.xlsx,
2006,191,1426750.1344200002,Paid Loss,Dollars,Triangle Examples 1.xlsx,
2006,203,1443114.7447440003,Paid Loss,Dollars,Triangle Examples 1.xlsx,
2006,215,1454133.0748440004,Paid Loss,Dollars,Triangle Examples 1.xlsx,
2006,227,1462141.0278560002,Paid Loss,Dollars,Triangle Examples 1.xlsx,
2007,11,503577.8739880001,Paid Loss,Dollars,Triangle Examples 1.xlsx,
2007,23,1103237.750592,Paid Loss,Dollars,Triangle Examples 1.xlsx,
2007,35,1428526.038904,Paid Loss,Dollars,Triangle Examples 1.xlsx,
2007,47,1819136.810124,Paid Loss,Dollars,Triangle Examples 1.xlsx,
2007,59,2157661.055924,Paid Loss,Dollars,Triangle Examples 1.xlsx,
2007,71,2620801.9124680003,Paid Loss,Dollars,Triangle Examples 1.xlsx,
2007,83,2924146.5064000003,Paid Loss,Dollars,Triangle Examples 1.xlsx,
2007,95,3151184.596924,Paid Loss,Dollars,Triangle Examples 1.xlsx,
2007,107,3405400.6676000003,Paid Loss,Dollars,Triangle Examples 1.xlsx,
2007,119,3694439.2536000004,Paid Loss,Dollars,Triangle Examples 1.xlsx,
2007,131,3998197.9776000003,Paid Loss,Dollars,Triangle Examples 1.xlsx,
2007,143,4198107.2298759995,Paid Loss,Dollars,Triangle Examples 1.xlsx,
2007,155,4370392.081320001,Paid Loss,Dollars,Triangle Examples 1.xlsx,
2007,167,4496731.04718,Paid Loss,Dollars,Triangle Examples 1.xlsx,
2007,179,4617311.054308,Paid Loss,Dollars,Triangle Examples 1.xlsx,
2007,191,4751466.090144001,Paid Loss,Dollars,Triangle Examples 1.xlsx,
2007,203,4781329.522276,Paid Loss,Dollars,Triangle Examples 1.xlsx,
2007,215,4790693.153152,Paid Loss,Dollars,Triangle Examples 1.xlsx,
2008,11,353516.762436,Paid Loss,Dollars,Triangle Examples 1.xlsx,
2008,23,646575.047976,Paid Loss,Dollars,Triangle Examples 1.xlsx,
2008,35,869637.434424,Paid Loss,Dollars,Triangle Examples 1.xlsx,
2008,47,1188355.737844,Paid Loss,Dollars,Triangle Examples 1.xlsx,
2008,59,1229852.539244,Paid Loss,Dollars,Triangle Examples 1.xlsx,
2008,71,1267751.5964000002,Paid Loss,Dollars,Triangle Examples 1.xlsx,
2008,83,1276615.5211480001,Paid Loss,Dollars,Triangle Examples 1.xlsx,
2008,95,1284777.0756,Paid Loss,Dollars,Triangle Examples 1.xlsx,
2008,107,1299869.3408000001,Paid Loss,Dollars,Triangle Examples 1.xlsx,
2008,119,1317293.3392,Paid Loss,Dollars,Triangle Examples 1.xlsx,
2008,131,1331381.956228,Paid Loss,Dollars,Triangle Examples 1.xlsx,
2008,143,1333966.5247879985,Paid Loss,Dollars,Triangle Examples 1.xlsx,
2008,155,1337060.2082239983,Paid Loss,Dollars,Triangle Examples 1.xlsx,
2008,167,1338579.3845279983,Paid Loss,Dollars,Triangle Examples 1.xlsx,
2008,179,1339456.8657439982,Paid Loss,Dollars,Triangle Examples 1.xlsx,
2008,191,1343001.2057759983,Paid Loss,Dollars,Triangle Examples 1.xlsx,
2008,203,1378427.9395479984,Paid Loss,Dollars,Triangle Examples 1.xlsx,
2009,11,228667.63817200004,Paid Loss,Dollars,Triangle Examples 1.xlsx,
2009,23,742247.3015960001,Paid Loss,Dollars,Triangle Examples 1.xlsx,
2009,35,811950.816916,Paid Loss,Dollars,Triangle Examples 1.xlsx,
2009,47,834061.9289480001,Paid Loss,Dollars,Triangle Examples 1.xlsx,
2009,59,894984.3904,Paid Loss,Dollars,Triangle Examples 1.xlsx,
2009,71,941084.933104,Paid Loss,Dollars,Triangle Examples 1.xlsx,
2009,83,969391.356,Paid Loss,Dollars,Triangle Examples 1.xlsx,
2009,95,1018256.1440000001,Paid Loss,Dollars,Triangle Examples 1.xlsx,
2009,107,1055610.0612,Paid Loss,Dollars,Triangle Examples 1.xlsx,
2009,119,1071106.005236,Paid Loss,Dollars,Triangle Examples 1.xlsx,
2009,131,1081182.3784640003,Paid Loss,Dollars,Triangle Examples 1.xlsx,
2009,143,1114205.6455800002,Paid Loss,Dollars,Triangle Examples 1.xlsx,
2009,155,1169581.0892560005,Paid Loss,Dollars,Triangle Examples 1.xlsx,
2009,167,1169581.0892560005,Paid Loss,Dollars,Triangle Examples 1.xlsx,
2009,179,1169581.0892560005,Paid Loss,Dollars,Triangle Examples 1.xlsx,
2009,191,1169581.0892560005,Paid Loss,Dollars,Triangle Examples 1.xlsx,
2010,11,243623.153224,Paid Loss,Dollars,Triangle Examples 1.xlsx,
2010,23,673150.564748,Paid Loss,Dollars,Triangle Examples 1.xlsx,
2010,35,915252.7734040001,Paid Loss,Dollars,Triangle Examples 1.xlsx,
2010,47,1076920.2816,Paid Loss,Dollars,Triangle Examples 1.xlsx,
2010,59,1176984.335568,Paid Loss,Dollars,Triangle Examples 1.xlsx,
2010,71,1201535.388,Paid Loss,Dollars,Triangle Examples 1.xlsx,
2010,83,1260309.0524000002,Paid Loss,Dollars,Triangle Examples 1.xlsx,
2010,95,1262502.2276,Paid Loss,Dollars,Triangle Examples 1.xlsx,
2010,107,1266822.056964,Paid Loss,Dollars,Triangle Examples 1.xlsx,
2010,119,1267621.5366240004,Paid Loss,Dollars,Triangle Examples 1.xlsx,
2010,131,1268264.0498640004,Paid Loss,Dollars,Triangle Examples 1.xlsx,
2010,143,1268337.9474640004,Paid Loss,Dollars,Triangle Examples 1.xlsx,
2010,155,1269144.7772960006,Paid Loss,Dollars,Triangle Examples 1.xlsx,
2010,167,1270069.2626640005,Paid Loss,Dollars,Triangle Examples 1.xlsx,
2010,179,1277672.0720840006,Paid Loss,Dollars,Triangle Examples 1.xlsx,
2011,11,364078.03588000004,Paid Loss,Dollars,Triangle Examples 1.xlsx,
2011,23,839046.031756,Paid Loss,Dollars,Triangle Examples 1.xlsx,
2011,35,1308017.8708000001,Paid Loss,Dollars,Triangle Examples 1.xlsx,
2011,47,1406826.391348,Paid Loss,Dollars,Triangle Examples 1.xlsx,
2011,59,1523414.8592,Paid Loss,Dollars,Triangle Examples 1.xlsx,
2011,71,1658815.0564000001,Paid Loss,Dollars,Triangle Examples 1.xlsx,
2011,83,1822167.0208,Paid Loss,Dollars,Triangle Examples 1.xlsx,
2011,95,1825756.0556840003,Paid Loss,Dollars,Triangle Examples 1.xlsx,
2011,107,1834064.2044999998,Paid Loss,Dollars,Triangle Examples 1.xlsx,
2011,119,1848125.5321999998,Paid Loss,Dollars,Triangle Examples 1.xlsx,
2011,131,1857745.4030039997,Paid Loss,Dollars,Triangle Examples 1.xlsx,
2011,143,1876941.6374,Paid Loss,Dollars,Triangle Examples 1.xlsx,
2011,155,1886612.5767239998,Paid Loss,Dollars,Triangle Examples 1.xlsx,
2011,167,1892658.2977319998,Paid Loss,Dollars,Triangle Examples 1.xlsx,
2012,11,227809.99054400003,Paid Loss,Dollars,Triangle Examples 1.xlsx,
2012,23,634577.1656000001,Paid Loss,Dollars,Triangle Examples 1.xlsx,
2012,35,799343.714808,Paid Loss,Dollars,Triangle Examples 1.xlsx,
2012,47,951570.158,Paid Loss,Dollars,Triangle Examples 1.xlsx,
2012,59,961178.1656000001,Paid Loss,Dollars,Triangle Examples 1.xlsx,
2012,71,967435.7088,Paid Loss,Dollars,Triangle Examples 1.xlsx,
2012,83,977662.0017840001,Paid Loss,Dollars,Triangle Examples 1.xlsx,
2012,95,1016181.6668199988,Paid Loss,Dollars,Triangle Examples 1.xlsx,
2012,107,1048240.5834519989,Paid Loss,Dollars,Triangle Examples 1.xlsx,
2012,119,1053040.628451999,Paid Loss,Dollars,Triangle Examples 1.xlsx,
2012,131,1084319.7934439988,Paid Loss,Dollars,Triangle Examples 1.xlsx,
2012,143,1145575.5198759988,Paid Loss,Dollars,Triangle Examples 1.xlsx,
2012,155,1194236.878339999,Paid Loss,Dollars,Triangle Examples 1.xlsx,
2013,11,202558.6,Paid Loss,Dollars,Triangle Examples 1.xlsx,
2013,23,466110.26005200006,Paid Loss,Dollars,Triangle Examples 1.xlsx,
2013,35,544741.4368,Paid Loss,Dollars,Triangle Examples 1.xlsx,
2013,47,597598.0148,Paid Loss,Dollars,Triangle Examples 1.xlsx,
2013,59,708646.3136000001,Paid Loss,Dollars,Triangle Examples 1.xlsx,
2013,71,706804.6402520001,Paid Loss,Dollars,Triangle Examples 1.xlsx,
2013,83,707153.1202199998,Paid Loss,Dollars,Triangle Examples 1.xlsx,
2013,95,707153.12022,Paid Loss,Dollars,Triangle Examples 1.xlsx,
2013,107,708518.7742599999,Paid Loss,Dollars,Triangle Examples 1.xlsx,
2013,119,708518.7742599999,Paid Loss,Dollars,Triangle Examples 1.xlsx,
2013,131,708529.9908599999,Paid Loss,Dollars,Triangle Examples 1.xlsx,
2013,143,708529.9908599999,Paid Loss,Dollars,Triangle Examples 1.xlsx,
2014,11,411721.15139600006,Paid Loss,Dollars,Triangle Examples 1.xlsx,
2014,23,738237.0240000001,Paid Loss,Dollars,Triangle Examples 1.xlsx,
2014,35,926318.2924,Paid Loss,Dollars,Triangle Examples 1.xlsx,
2014,47,1179532.3776,Paid Loss,Dollars,Triangle Examples 1.xlsx,
2014,59,1258547.8746520001,Paid Loss,Dollars,Triangle Examples 1.xlsx,
2014,71,1279437.0106920004,Paid Loss,Dollars,Triangle Examples 1.xlsx,
2014,83,1287255.5747120003,Paid Loss,Dollars,Triangle Examples 1.xlsx,
2014,95,1291077.24188,Paid Loss,Dollars,Triangle Examples 1.xlsx,
2014,107,1299245.6846440004,Paid Loss,Dollars,Triangle Examples 1.xlsx,
2014,119,1379318.022944,Paid Loss,Dollars,Triangle Examples 1.xlsx,
2014,131,1389603.684732,Paid Loss,Dollars,Triangle Examples 1.xlsx,
2015,11,380424.8448,Paid Loss,Dollars,Triangle Examples 1.xlsx,
2015,23,844695.7540000001,Paid Loss,Dollars,Triangle Examples 1.xlsx,
2015,35,1420142.9632,Paid Loss,Dollars,Triangle Examples 1.xlsx,
2015,47,2080874.3632720003,Paid Loss,Dollars,Triangle Examples 1.xlsx,
2015,59,2234622.0017560013,Paid Loss,Dollars,Triangle Examples 1.xlsx,
2015,71,2488067.835108001,Paid Loss,Dollars,Triangle Examples 1.xlsx,
2015,83,2763681.6552520012,Paid Loss,Dollars,Triangle Examples 1.xlsx,
2015,95,2914940.462156002,Paid Loss,Dollars,Triangle Examples 1.xlsx,
2015,107,2956733.3158160015,Paid Loss,Dollars,Triangle Examples 1.xlsx,
2015,119,3364231.2985480013,Paid Loss,Dollars,Triangle Examples 1.xlsx,
2016,11,339622.8128,Paid Loss,Dollars,Triangle Examples 1.xlsx,
2016,23,1125902.5140000002,Paid Loss,Dollars,Triangle Examples 1.xlsx,
2016,35,1591493.1287680003,Paid Loss,Dollars,Triangle Examples 1.xlsx,
2016,47,1791123.5231719997,Paid Loss,Dollars,Triangle Examples 1.xlsx,
2016,59,1925889.903295999,Paid Loss,Dollars,Triangle Examples 1.xlsx,
2016,71,2122828.5116399983,Paid Loss,Dollars,Triangle Examples 1.xlsx,
2016,83,2419166.3462759987,Paid Loss,Dollars,Triangle Examples 1.xlsx,
2016,95,2435189.8136079987,Paid Loss,Dollars,Triangle Examples 1.xlsx,
2016,107,2462208.676391999,Paid Loss,Dollars,Triangle Examples 1.xlsx,
2017,11,336652.39320000005,Paid Loss,Dollars,Triangle Examples 1.xlsx,
2017,23,584790.2939040001,Paid Loss,Dollars,Triangle Examples 1.xlsx,
2017,35,630127.1445000004,Paid Loss,Dollars,Triangle Examples 1.xlsx,
2017,47,710567.1893400003,Paid Loss,Dollars,Triangle Examples 1.xlsx,
2017,59,772675.5753120004,Paid Loss,Dollars,Triangle Examples 1.xlsx,
2017,71,855730.1436320004,Paid Loss,Dollars,Triangle Examples 1.xlsx,
2017,83,1105087.7770080005,Paid Loss,Dollars,Triangle Examples 1.xlsx,
2017,95,1205811.8289160004,Paid Loss,Dollars,Triangle Examples 1.xlsx,
2018,11,345419.168996,Paid Loss,Dollars,Triangle Examples 1.xlsx,
2018,23,993120.1128880001,Paid Loss,Dollars,Triangle Examples 1.xlsx,
2018,35,1473722.3520999998,Paid Loss,Dollars,Triangle Examples 1.xlsx,
2018,47,2024103.1786760006,Paid Loss,Dollars,Triangle Examples 1.xlsx,
2018,59,2140405.082192,Paid Loss,Dollars,Triangle Examples 1.xlsx,
2018,71,2260849.315676001,Paid Loss,Dollars,Triangle Examples 1.xlsx,
2018,83,2395448.423304001,Paid Loss,Dollars,Triangle Examples 1.xlsx,
2019,11,289279.86166400026,Paid Loss,Dollars,Triangle Examples 1.xlsx,
2019,23,773667.7693559998,Paid Loss,Dollars,Triangle Examples 1.xlsx,
2019,35,1353683.4733439998,Paid Loss,Dollars,Triangle Examples 1.xlsx,
2019,47,1600695.7816400006,Paid Loss,Dollars,Triangle Examples 1.xlsx,
2019,59,1970840.4805800002,Paid Loss,Dollars,Triangle Examples 1.xlsx,
2019,71,2395189.8344880007,Paid Loss,Dollars,Triangle Examples 1.xlsx,
2020,11,285916.1352839999,Paid Loss,Dollars,Triangle Examples 1.xlsx,
2020,23,730087.9661599998,Paid Loss,Dollars,Triangle Examples 1.xlsx,
2020,35,861703.8540679999,Paid Loss,Dollars,Triangle Examples 1.xlsx,
2020,47,965936.0493799999,Paid Loss,Dollars,Triangle Examples 1.xlsx,
2020,59,976050.8625559999,Paid Loss,Dollars,Triangle Examples 1.xlsx,
2021,11,273712.104996,Paid Loss,Dollars,Triangle Examples 1.xlsx,
2021,23,546911.875292,Paid Loss,Dollars,Triangle Examples 1.xlsx,
2021,35,911379.2327599999,Paid Loss,Dollars,Triangle Examples 1.xlsx,
2021,47,974979.4133360002,Paid Loss,Dollars,Triangle Examples 1.xlsx,
2022,11,307340.8837679997,Paid Loss,Dollars,Triangle Examples 1.xlsx,
2022,23,746644.5650879999,Paid Loss,Dollars,Triangle Examples 1.xlsx,
2022,35,791103.7101360001,Paid Loss,Dollars,Triangle Examples 1.xlsx,
2023,11,367267.23196400027,Paid Loss,Dollars,Triangle Examples 1.xlsx,
2023,23,1199242.068356001,Paid Loss,Dollars,Triangle Examples 1.xlsx,
2024,11,355247.76093199995,Paid Loss,Dollars,Triangle Examples 1.xlsx,
2001,11,567331.6692,Incurred Loss,Dollars,Triangle Examples 1.xlsx,
2001,23,1554404.3456000001,Incurred Loss,Dollars,Triangle Examples 1.xlsx,
2001,35,1902287.8544,Incurred Loss,Dollars,Triangle Examples 1.xlsx,
2001,47,2093441.1516000002,Incurred Loss,Dollars,Triangle Examples 1.xlsx,
2001,59,2250668.8524,Incurred Loss,Dollars,Triangle Examples 1.xlsx,
2001,71,2402988.155844,Incurred Loss,Dollars,Triangle Examples 1.xlsx,
2001,83,2397333.5642760005,Incurred Loss,Dollars,Triangle Examples 1.xlsx,
2001,95,2419690.9268640005,Incurred Loss,Dollars,Triangle Examples 1.xlsx,
2001,107,2437307.586864,Incurred Loss,Dollars,Triangle Examples 1.xlsx,
2001,119,2457834.479508,Incurred Loss,Dollars,Triangle Examples 1.xlsx,
2001,131,2510536.3739960003,Incurred Loss,Dollars,Triangle Examples 1.xlsx,
2001,143,2562761.5102000004,Incurred Loss,Dollars,Triangle Examples 1.xlsx,
2001,155,2559991.0100000002,Incurred Loss,Dollars,Triangle Examples 1.xlsx,
2001,167,2618542.625308,Incurred Loss,Dollars,Triangle Examples 1.xlsx,
2001,179,2663167.8948000004,Incurred Loss,Dollars,Triangle Examples 1.xlsx,
2001,191,2804776.81,Incurred Loss,Dollars,Triangle Examples 1.xlsx,
2001,203,2871037.8848,Incurred Loss,Dollars,Triangle Examples 1.xlsx,
2001,215,2959799.168888001,Incurred Loss,Dollars,Triangle Examples 1.xlsx,
2001,227,3012996.3884320003,Incurred Loss,Dollars,Triangle Examples 1.xlsx,
2001,239,3012996.3884320003,Incurred Loss,Dollars,Triangle Examples 1.xlsx,
2001,251,3083594.988432,Incurred Loss,Dollars,Triangle Examples 1.xlsx,
2001,263,3126481.988432,Incurred Loss,Dollars,Triangle Examples 1.xlsx,
2001,275,3126481.988432,Incurred Loss,Dollars,Triangle Examples 1.xlsx,
2001,287,3163773.699688,Incurred Loss,Dollars,Triangle Examples 1.xlsx,
2002,11,927838.4716,Incurred Loss,Dollars,Triangle Examples 1.xlsx,
2002,23,1327207.4940000002,Incurred Loss,Dollars,Triangle Examples 1.xlsx,
2002,35,1342822.3208,Incurred Loss,Dollars,Triangle Examples 1.xlsx,
2002,47,1604244.3180000002,Incurred Loss,Dollars,Triangle Examples 1.xlsx,
2002,59,1625395.9884600001,Incurred Loss,Dollars,Triangle Examples 1.xlsx,
2002,71,1727293.4022960002,Incurred Loss,Dollars,Triangle Examples 1.xlsx,
2002,83,1760101.271104,Incurred Loss,Dollars,Triangle Examples 1.xlsx,
2002,95,1760466.734324,Incurred Loss,Dollars,Triangle Examples 1.xlsx,
2002,107,1799039.5396520002,Incurred Loss,Dollars,Triangle Examples 1.xlsx,
2002,119,1816376.1145520003,Incurred Loss,Dollars,Triangle Examples 1.xlsx,
2002,131,1835002.2025720002,Incurred Loss,Dollars,Triangle Examples 1.xlsx,
2002,143,1897241.7040000001,Incurred Loss,Dollars,Triangle Examples 1.xlsx,
2002,155,1899757.6005760003,Incurred Loss,Dollars,Triangle Examples 1.xlsx,
2002,167,1975947.9264000002,Incurred Loss,Dollars,Triangle Examples 1.xlsx,
2002,179,2028039.1364000002,Incurred Loss,Dollars,Triangle Examples 1.xlsx,
2002,191,2057884.5296000002,Incurred Loss,Dollars,Triangle Examples 1.xlsx,
2002,203,2166744.760052,Incurred Loss,Dollars,Triangle Examples 1.xlsx,
2002,215,2169205.748072,Incurred Loss,Dollars,Triangle Examples 1.xlsx,
2002,227,2169205.748072,Incurred Loss,Dollars,Triangle Examples 1.xlsx,
2002,239,2261092.76868,Incurred Loss,Dollars,Triangle Examples 1.xlsx,
2002,251,2247056.6453400003,Incurred Loss,Dollars,Triangle Examples 1.xlsx,
2002,263,2327733.756319999,Incurred Loss,Dollars,Triangle Examples 1.xlsx,
2002,275,2327733.756319999,Incurred Loss,Dollars,Triangle Examples 1.xlsx,
2003,11,1009363.3596000001,Incurred Loss,Dollars,Triangle Examples 1.xlsx,
2003,23,1458693.7576000001,Incurred Loss,Dollars,Triangle Examples 1.xlsx,
2003,35,1578930.4312000002,Incurred Loss,Dollars,Triangle Examples 1.xlsx,
2003,47,1876931.1729720002,Incurred Loss,Dollars,Triangle Examples 1.xlsx,
2003,59,1703633.0402760003,Incurred Loss,Dollars,Triangle Examples 1.xlsx,
2003,71,1819224.352388,Incurred Loss,Dollars,Triangle Examples 1.xlsx,
2003,83,1814195.501944,Incurred Loss,Dollars,Triangle Examples 1.xlsx,
2003,95,1800500.416028,Incurred Loss,Dollars,Triangle Examples 1.xlsx,
2003,107,1797139.9226680002,Incurred Loss,Dollars,Triangle Examples 1.xlsx,
2003,119,1801084.8668680002,Incurred Loss,Dollars,Triangle Examples 1.xlsx,
2003,131,1797322.9116000002,Incurred Loss,Dollars,Triangle Examples 1.xlsx,
2003,143,1783419.223316,Incurred Loss,Dollars,Triangle Examples 1.xlsx,
2003,155,1774330.2012000002,Incurred Loss,Dollars,Triangle Examples 1.xlsx,
2003,167,1774330.108828,Incurred Loss,Dollars,Triangle Examples 1.xlsx,
2003,179,1774330.108828,Incurred Loss,Dollars,Triangle Examples 1.xlsx,
2003,191,1774330.108828,Incurred Loss,Dollars,Triangle Examples 1.xlsx,
2003,203,1778091.5758439992,Incurred Loss,Dollars,Triangle Examples 1.xlsx,
2003,215,1778091.5758439994,Incurred Loss,Dollars,Triangle Examples 1.xlsx,
2003,227,1778091.5758439994,Incurred Loss,Dollars,Triangle Examples 1.xlsx,
2003,239,1778091.5758439994,Incurred Loss,Dollars,Triangle Examples 1.xlsx,
2003,251,1778091.5758439994,Incurred Loss,Dollars,Triangle Examples 1.xlsx,
2003,263,1778091.5758439994,Incurred Loss,Dollars,Triangle Examples 1.xlsx,
2004,11,706990.2156000001,Incurred Loss,Dollars,Triangle Examples 1.xlsx,
2004,23,807081.8756,Incurred Loss,Dollars,Triangle Examples 1.xlsx,
2004,35,891146.7296799986,Incurred Loss,Dollars,Triangle Examples 1.xlsx,
2004,47,933370.1028400001,Incurred Loss,Dollars,Triangle Examples 1.xlsx,
2004,59,1055143.97848,Incurred Loss,Dollars,Triangle Examples 1.xlsx,
2004,71,1061000.468848,Incurred Loss,Dollars,Triangle Examples 1.xlsx,
2004,83,1080582.013248,Incurred Loss,Dollars,Triangle Examples 1.xlsx,
2004,95,1088885.068408,Incurred Loss,Dollars,Triangle Examples 1.xlsx,
2004,107,1114748.938096,Incurred Loss,Dollars,Triangle Examples 1.xlsx,
2004,119,1104800.7904,Incurred Loss,Dollars,Triangle Examples 1.xlsx,
2004,131,1130298.022424,Incurred Loss,Dollars,Triangle Examples 1.xlsx,
2004,143,1117525.6932,Incurred Loss,Dollars,Triangle Examples 1.xlsx,
2004,155,1117975.6768,Incurred Loss,Dollars,Triangle Examples 1.xlsx,
2004,167,1118300.2984000002,Incurred Loss,Dollars,Triangle Examples 1.xlsx,
2004,179,1118299.678188,Incurred Loss,Dollars,Triangle Examples 1.xlsx,
2004,191,1122581.0808000003,Incurred Loss,Dollars,Triangle Examples 1.xlsx,
2004,203,1122581.0808000003,Incurred Loss,Dollars,Triangle Examples 1.xlsx,
2004,215,1122581.0808000003,Incurred Loss,Dollars,Triangle Examples 1.xlsx,
2004,227,1122581.0808000003,Incurred Loss,Dollars,Triangle Examples 1.xlsx,
2004,239,1122614.7306000004,Incurred Loss,Dollars,Triangle Examples 1.xlsx,
2004,251,1122614.7306000004,Incurred Loss,Dollars,Triangle Examples 1.xlsx,
2005,11,1249691.5508,Incurred Loss,Dollars,Triangle Examples 1.xlsx,
2005,23,1628221.951448,Incurred Loss,Dollars,Triangle Examples 1.xlsx,
2005,35,1779408.0615880003,Incurred Loss,Dollars,Triangle Examples 1.xlsx,
2005,47,1735781.597336,Incurred Loss,Dollars,Triangle Examples 1.xlsx,
2005,59,1800284.146784,Incurred Loss,Dollars,Triangle Examples 1.xlsx,
2005,71,1829678.434724,Incurred Loss,Dollars,Triangle Examples 1.xlsx,
2005,83,1866913.7990600003,Incurred Loss,Dollars,Triangle Examples 1.xlsx,
2005,95,1877458.52472,Incurred Loss,Dollars,Triangle Examples 1.xlsx,
2005,107,1901705.9108000002,Incurred Loss,Dollars,Triangle Examples 1.xlsx,
2005,119,1953626.9847720002,Incurred Loss,Dollars,Triangle Examples 1.xlsx,
2005,131,1976524.5916000002,Incurred Loss,Dollars,Triangle Examples 1.xlsx,
2005,143,2212537.6908,Incurred Loss,Dollars,Triangle Examples 1.xlsx,
2005,155,2212549.5672000004,Incurred Loss,Dollars,Triangle Examples 1.xlsx,
2005,167,2171748.947172,Incurred Loss,Dollars,Triangle Examples 1.xlsx,
2005,179,2193366.7399399998,Incurred Loss,Dollars,Triangle Examples 1.xlsx,
2005,191,2208705.453636,Incurred Loss,Dollars,Triangle Examples 1.xlsx,
2005,203,2242149.132116,Incurred Loss,Dollars,Triangle Examples 1.xlsx,
2005,215,2242149.132116,Incurred Loss,Dollars,Triangle Examples 1.xlsx,
2005,227,2242149.132116,Incurred Loss,Dollars,Triangle Examples 1.xlsx,
2005,239,2242149.132116,Incurred Loss,Dollars,Triangle Examples 1.xlsx,
2006,11,765985.3352719999,Incurred Loss,Dollars,Triangle Examples 1.xlsx,
2006,23,1158099.9490440001,Incurred Loss,Dollars,Triangle Examples 1.xlsx,
2006,35,1006637.0923920001,Incurred Loss,Dollars,Triangle Examples 1.xlsx,
2006,47,1076536.2516080001,Incurred Loss,Dollars,Triangle Examples 1.xlsx,
2006,59,1086240.510832,Incurred Loss,Dollars,Triangle Examples 1.xlsx,
2006,71,1141033.24554,Incurred Loss,Dollars,Triangle Examples 1.xlsx,
2006,83,1191316.1020920002,Incurred Loss,Dollars,Triangle Examples 1.xlsx,
2006,95,1169378.0556,Incurred Loss,Dollars,Triangle Examples 1.xlsx,
2006,107,1199839.213748,Incurred Loss,Dollars,Triangle Examples 1.xlsx,
2006,119,1244365.6452000001,Incurred Loss,Dollars,Triangle Examples 1.xlsx,
2006,131,1347851.3164000001,Incurred Loss,Dollars,Triangle Examples 1.xlsx,
2006,143,1428877.3956000002,Incurred Loss,Dollars,Triangle Examples 1.xlsx,
2006,155,1468194.3365640002,Incurred Loss,Dollars,Triangle Examples 1.xlsx,
2006,167,1484004.1738520006,Incurred Loss,Dollars,Triangle Examples 1.xlsx,
2006,179,1484861.9138520006,Incurred Loss,Dollars,Triangle Examples 1.xlsx,
2006,191,1502016.7138520007,Incurred Loss,Dollars,Triangle Examples 1.xlsx,
2006,203,1506635.3138520005,Incurred Loss,Dollars,Triangle Examples 1.xlsx,
2006,215,1517636.7926600005,Incurred Loss,Dollars,Triangle Examples 1.xlsx,
2006,227,1517636.7926600005,Incurred Loss,Dollars,Triangle Examples 1.xlsx,
2007,11,1724656.8810840002,Incurred Loss,Dollars,Triangle Examples 1.xlsx,
2007,23,1877762.5605600004,Incurred Loss,Dollars,Triangle Examples 1.xlsx,
2007,35,2045106.77682,Incurred Loss,Dollars,Triangle Examples 1.xlsx,
2007,47,2291428.841944,Incurred Loss,Dollars,Triangle Examples 1.xlsx,
2007,59,2554191.4603720005,Incurred Loss,Dollars,Triangle Examples 1.xlsx,
2007,71,3049073.7773760003,Incurred Loss,Dollars,Triangle Examples 1.xlsx,
2007,83,3243034.4444000004,Incurred Loss,Dollars,Triangle Examples 1.xlsx,
2007,95,3598222.084356,Incurred Loss,Dollars,Triangle Examples 1.xlsx,
2007,107,3855992.6032000002,Incurred Loss,Dollars,Triangle Examples 1.xlsx,
2007,119,4247900.6072,Incurred Loss,Dollars,Triangle Examples 1.xlsx,
2007,131,4378240.1384000005,Incurred Loss,Dollars,Triangle Examples 1.xlsx,
2007,143,4504737.614612001,Incurred Loss,Dollars,Triangle Examples 1.xlsx,
2007,155,4577330.156603999,Incurred Loss,Dollars,Triangle Examples 1.xlsx,
2007,167,4581600.052304,Incurred Loss,Dollars,Triangle Examples 1.xlsx,
2007,179,4781468.700488,Incurred Loss,Dollars,Triangle Examples 1.xlsx,
2007,191,4781468.700488,Incurred Loss,Dollars,Triangle Examples 1.xlsx,
2007,203,4798643.347271999,Incurred Loss,Dollars,Triangle Examples 1.xlsx,
2007,215,4810774.614816,Incurred Loss,Dollars,Triangle Examples 1.xlsx,
2008,11,556352.887512,Incurred Loss,Dollars,Triangle Examples 1.xlsx,
2008,23,770915.044168,Incurred Loss,Dollars,Triangle Examples 1.xlsx,
2008,35,933165.8683480001,Incurred Loss,Dollars,Triangle Examples 1.xlsx,
2008,47,1298006.7781840002,Incurred Loss,Dollars,Triangle Examples 1.xlsx,
2008,59,1258119.1102200001,Incurred Loss,Dollars,Triangle Examples 1.xlsx,
2008,71,1279315.2512,Incurred Loss,Dollars,Triangle Examples 1.xlsx,
2008,83,1286243.916568,Incurred Loss,Dollars,Triangle Examples 1.xlsx,
2008,95,1303173.6192,Incurred Loss,Dollars,Triangle Examples 1.xlsx,
2008,107,1310621.4416,Incurred Loss,Dollars,Triangle Examples 1.xlsx,
2008,119,1356059.2284000001,Incurred Loss,Dollars,Triangle Examples 1.xlsx,
2008,131,1362732.0233280002,Incurred Loss,Dollars,Triangle Examples 1.xlsx,
2008,143,1362957.0151279983,Incurred Loss,Dollars,Triangle Examples 1.xlsx,
2008,155,1343109.2414279983,Incurred Loss,Dollars,Triangle Examples 1.xlsx,
2008,167,1343439.1414279984,Incurred Loss,Dollars,Triangle Examples 1.xlsx,
2008,179,1343439.1414279984,Incurred Loss,Dollars,Triangle Examples 1.xlsx,
2008,191,1350037.1414279984,Incurred Loss,Dollars,Triangle Examples 1.xlsx,
2008,203,1378427.9395479984,Incurred Loss,Dollars,Triangle Examples 1.xlsx,
2009,11,357480.392172,Incurred Loss,Dollars,Triangle Examples 1.xlsx,
2009,23,872537.4533640001,Incurred Loss,Dollars,Triangle Examples 1.xlsx,
2009,35,822240.041624,Incurred Loss,Dollars,Triangle Examples 1.xlsx,
2009,47,842753.923012,Incurred Loss,Dollars,Triangle Examples 1.xlsx,
2009,59,898761.0856000001,Incurred Loss,Dollars,Triangle Examples 1.xlsx,
2009,71,944889.630216,Incurred Loss,Dollars,Triangle Examples 1.xlsx,
2009,83,979272.5208,Incurred Loss,Dollars,Triangle Examples 1.xlsx,
2009,95,1120353.5960000001,Incurred Loss,Dollars,Triangle Examples 1.xlsx,
2009,107,1120360.1940000001,Incurred Loss,Dollars,Triangle Examples 1.xlsx,
2009,119,1120361.8962840002,Incurred Loss,Dollars,Triangle Examples 1.xlsx,
2009,131,1120361.8962840005,Incurred Loss,Dollars,Triangle Examples 1.xlsx,
2009,143,1135537.2962840004,Incurred Loss,Dollars,Triangle Examples 1.xlsx,
2009,155,1169581.0892560005,Incurred Loss,Dollars,Triangle Examples 1.xlsx,
2009,167,1169581.0892560005,Incurred Loss,Dollars,Triangle Examples 1.xlsx,
2009,179,1169581.0892560005,Incurred Loss,Dollars,Triangle Examples 1.xlsx,
2009,191,1169581.0892560005,Incurred Loss,Dollars,Triangle Examples 1.xlsx,
2010,11,360030.43999600003,Incurred Loss,Dollars,Triangle Examples 1.xlsx,
2010,23,730590.364272,Incurred Loss,Dollars,Triangle Examples 1.xlsx,
2010,35,951322.0995920001,Incurred Loss,Dollars,Triangle Examples 1.xlsx,
2010,47,1105337.8676,Incurred Loss,Dollars,Triangle Examples 1.xlsx,
2010,59,1236185.735112,Incurred Loss,Dollars,Triangle Examples 1.xlsx,
2010,71,1222899.712,Incurred Loss,Dollars,Triangle Examples 1.xlsx,
2010,83,1271367.3004,Incurred Loss,Dollars,Triangle Examples 1.xlsx,
2010,95,1272863.7268,Incurred Loss,Dollars,Triangle Examples 1.xlsx,
2010,107,1266822.056964,Incurred Loss,Dollars,Triangle Examples 1.xlsx,
2010,119,1267621.5366240004,Incurred Loss,Dollars,Triangle Examples 1.xlsx,
2010,131,1268616.5150240005,Incurred Loss,Dollars,Triangle Examples 1.xlsx,
2010,143,1268690.4126240006,Incurred Loss,Dollars,Triangle Examples 1.xlsx,
2010,155,1270339.9126240006,Incurred Loss,Dollars,Triangle Examples 1.xlsx,
2010,167,1270069.2626640005,Incurred Loss,Dollars,Triangle Examples 1.xlsx,
2010,179,1277672.0720840006,Incurred Loss,Dollars,Triangle Examples 1.xlsx,
2011,11,454047.33459200006,Incurred Loss,Dollars,Triangle Examples 1.xlsx,
2011,23,886919.760568,Incurred Loss,Dollars,Triangle Examples 1.xlsx,
2011,35,1308017.8708000001,Incurred Loss,Dollars,Triangle Examples 1.xlsx,
2011,47,1510353.973044,Incurred Loss,Dollars,Triangle Examples 1.xlsx,
2011,59,1611539.0668000001,Incurred Loss,Dollars,Triangle Examples 1.xlsx,
2011,71,1740504.8944,Incurred Loss,Dollars,Triangle Examples 1.xlsx,
2011,83,1836702.4148000001,Incurred Loss,Dollars,Triangle Examples 1.xlsx,
2011,95,1836817.6950560003,Incurred Loss,Dollars,Triangle Examples 1.xlsx,
2011,107,1862143.4582559997,Incurred Loss,Dollars,Triangle Examples 1.xlsx,
2011,119,1869290.4118559996,Incurred Loss,Dollars,Triangle Examples 1.xlsx,
2011,131,1921985.9326759998,Incurred Loss,Dollars,Triangle Examples 1.xlsx,
2011,143,1916081.5804159997,Incurred Loss,Dollars,Triangle Examples 1.xlsx,
2011,155,1916081.5804159997,Incurred Loss,Dollars,Triangle Examples 1.xlsx,
2011,167,1916081.5804159997,Incurred Loss,Dollars,Triangle Examples 1.xlsx,
2012,11,335887.104376,Incurred Loss,Dollars,Triangle Examples 1.xlsx,
2012,23,682490.522,Incurred Loss,Dollars,Triangle Examples 1.xlsx,
2012,35,892010.948916,Incurred Loss,Dollars,Triangle Examples 1.xlsx,
2012,47,969399.2736000001,Incurred Loss,Dollars,Triangle Examples 1.xlsx,
2012,59,966369.4720000001,Incurred Loss,Dollars,Triangle Examples 1.xlsx,
2012,71,974833.3864000001,Incurred Loss,Dollars,Triangle Examples 1.xlsx,
2012,83,978738.663424,Incurred Loss,Dollars,Triangle Examples 1.xlsx,
2012,95,1029196.2086239988,Incurred Loss,Dollars,Triangle Examples 1.xlsx,
2012,107,1086698.5967759988,Incurred Loss,Dollars,Triangle Examples 1.xlsx,
2012,119,1148149.3732839988,Incurred Loss,Dollars,Triangle Examples 1.xlsx,
2012,131,1156726.773283999,Incurred Loss,Dollars,Triangle Examples 1.xlsx,
2012,143,1363753.380531999,Incurred Loss,Dollars,Triangle Examples 1.xlsx,
2012,155,1363753.380531999,Incurred Loss,Dollars,Triangle Examples 1.xlsx,
2013,11,279096.7196,Incurred Loss,Dollars,Triangle Examples 1.xlsx,
2013,23,509656.14952800004,Incurred Loss,Dollars,Triangle Examples 1.xlsx,
2013,35,554121.1536000001,Incurred Loss,Dollars,Triangle Examples 1.xlsx,
2013,47,668048.8196,Incurred Loss,Dollars,Triangle Examples 1.xlsx,
2013,59,708646.3136000001,Incurred Loss,Dollars,Triangle Examples 1.xlsx,
2013,71,706804.6402520001,Incurred Loss,Dollars,Triangle Examples 1.xlsx,
2013,83,707153.1202199998,Incurred Loss,Dollars,Triangle Examples 1.xlsx,
2013,95,707153.12022,Incurred Loss,Dollars,Triangle Examples 1.xlsx,
2013,107,708518.7742599999,Incurred Loss,Dollars,Triangle Examples 1.xlsx,
2013,119,708518.7742599999,Incurred Loss,Dollars,Triangle Examples 1.xlsx,
2013,131,708529.9908599999,Incurred Loss,Dollars,Triangle Examples 1.xlsx,
2013,143,708529.9908599999,Incurred Loss,Dollars,Triangle Examples 1.xlsx,
2014,11,579453.8974840001,Incurred Loss,Dollars,Triangle Examples 1.xlsx,
2014,23,791674.226,Incurred Loss,Dollars,Triangle Examples 1.xlsx,
2014,35,1117488.7444000002,Incurred Loss,Dollars,Triangle Examples 1.xlsx,
2014,47,1292116.6908000002,Incurred Loss,Dollars,Triangle Examples 1.xlsx,
2014,59,1310589.9427480001,Incurred Loss,Dollars,Triangle Examples 1.xlsx,
2014,71,1355751.9331480002,Incurred Loss,Dollars,Triangle Examples 1.xlsx,
2014,83,1316935.094192,Incurred Loss,Dollars,Triangle Examples 1.xlsx,
2014,95,1316935.094192,Incurred Loss,Dollars,Triangle Examples 1.xlsx,
2014,107,1371038.6941920002,Incurred Loss,Dollars,Triangle Examples 1.xlsx,
2014,119,1399322.024088,Incurred Loss,Dollars,Triangle Examples 1.xlsx,
2014,131,1389603.684732,Incurred Loss,Dollars,Triangle Examples 1.xlsx,
2015,11,538066.9,Incurred Loss,Dollars,Triangle Examples 1.xlsx,
2015,23,1068443.1712,Incurred Loss,Dollars,Triangle Examples 1.xlsx,
2015,35,1605602.1864000002,Incurred Loss,Dollars,Triangle Examples 1.xlsx,
2015,47,2133023.239792,Incurred Loss,Dollars,Triangle Examples 1.xlsx,
2015,59,2358964.5579720014,Incurred Loss,Dollars,Triangle Examples 1.xlsx,
2015,71,2680270.1351320012,Incurred Loss,Dollars,Triangle Examples 1.xlsx,
2015,83,3055333.4055440016,Incurred Loss,Dollars,Triangle Examples 1.xlsx,
2015,95,3076051.125544002,Incurred Loss,Dollars,Triangle Examples 1.xlsx,
2015,107,3086205.170428002,Incurred Loss,Dollars,Triangle Examples 1.xlsx,
2015,119,3382963.2580760014,Incurred Loss,Dollars,Triangle Examples 1.xlsx,
2016,11,687801.912,Incurred Loss,Dollars,Triangle Examples 1.xlsx,
2016,23,1285960.7568,Incurred Loss,Dollars,Triangle Examples 1.xlsx,
2016,35,1733469.988036,Incurred Loss,Dollars,Triangle Examples 1.xlsx,
2016,47,1884267.6211319997,Incurred Loss,Dollars,Triangle Examples 1.xlsx,
2016,59,2152415.962627999,Incurred Loss,Dollars,Triangle Examples 1.xlsx,
2016,71,2220417.484259999,Incurred Loss,Dollars,Triangle Examples 1.xlsx,
2016,83,2503620.469159999,Incurred Loss,Dollars,Triangle Examples 1.xlsx,
2016,95,2503024.643367999,Incurred Loss,Dollars,Triangle Examples 1.xlsx,
2016,107,2506323.643367999,Incurred Loss,Dollars,Triangle Examples 1.xlsx,
2017,11,461326.8816,Incurred Loss,Dollars,Triangle Examples 1.xlsx,
2017,23,614872.6872640001,Incurred Loss,Dollars,Triangle Examples 1.xlsx,
2017,35,635999.2061480004,Incurred Loss,Dollars,Triangle Examples 1.xlsx,
2017,47,832770.2120960006,Incurred Loss,Dollars,Triangle Examples 1.xlsx,
2017,59,895289.4819200005,Incurred Loss,Dollars,Triangle Examples 1.xlsx,
2017,71,1014108.2981040004,Incurred Loss,Dollars,Triangle Examples 1.xlsx,
2017,83,1168952.8936760004,Incurred Loss,Dollars,Triangle Examples 1.xlsx,
2017,95,1205811.8289160004,Incurred Loss,Dollars,Triangle Examples 1.xlsx,
2018,11,507983.82044800004,Incurred Loss,Dollars,Triangle Examples 1.xlsx,
2018,23,1168067.9171320002,Incurred Loss,Dollars,Triangle Examples 1.xlsx,
2018,35,1668858.2020999994,Incurred Loss,Dollars,Triangle Examples 1.xlsx,
2018,47,2316819.635032001,Incurred Loss,Dollars,Triangle Examples 1.xlsx,
2018,59,2303518.1066200007,Incurred Loss,Dollars,Triangle Examples 1.xlsx,
2018,71,2333675.3476920007,Incurred Loss,Dollars,Triangle Examples 1.xlsx,
2018,83,2395448.423304001,Incurred Loss,Dollars,Triangle Examples 1.xlsx,
2019,11,407914.8311760001,Incurred Loss,Dollars,Triangle Examples 1.xlsx,
2019,23,1124607.0626799997,Incurred Loss,Dollars,Triangle Examples 1.xlsx,
2019,35,1740054.5413120005,Incurred Loss,Dollars,Triangle Examples 1.xlsx,
2019,47,2000563.045412,Incurred Loss,Dollars,Triangle Examples 1.xlsx,
2019,59,2127378.69038,Incurred Loss,Dollars,Triangle Examples 1.xlsx,
2019,71,2599882.8742919993,Incurred Loss,Dollars,Triangle Examples 1.xlsx,
2020,11,522102.6035319999,Incurred Loss,Dollars,Triangle Examples 1.xlsx,
2020,23,931915.5209559997,Incurred Loss,Dollars,Triangle Examples 1.xlsx,
2020,35,916291.8000519999,Incurred Loss,Dollars,Triangle Examples 1.xlsx,
2020,47,969468.3018759999,Incurred Loss,Dollars,Triangle Examples 1.xlsx,
2020,59,978899.5094679999,Incurred Loss,Dollars,Triangle Examples 1.xlsx,
2021,11,549457.0669879998,Incurred Loss,Dollars,Triangle Examples 1.xlsx,
2021,23,800935.1524080001,Incurred Loss,Dollars,Triangle Examples 1.xlsx,
2021,35,980316.7862599997,Incurred Loss,Dollars,Triangle Examples 1.xlsx,
2021,47,1011313.279736,Incurred Loss,Dollars,Triangle Examples 1.xlsx,
2022,11,694623.0035760001,Incurred Loss,Dollars,Triangle Examples 1.xlsx,
2022,23,851655.878632001,Incurred Loss,Dollars,Triangle Examples 1.xlsx,
2022,35,827416.1066440007,Incurred Loss,Dollars,Triangle Examples 1.xlsx,
2023,11,975000.3026040002,Incurred Loss,Dollars,Triangle Examples 1.xlsx,
2023,23,1651756.6743519998,Incurred Loss,Dollars,Triangle Examples 1.xlsx,
2024,11,890155.221828,Incurred Loss,Dollars,Triangle Examples 1.xlsx,
2001,11,637.3668,Reported Count,Count,Triangle Examples 1.xlsx,
2001,23,682.2332,Reported Count,Count,Triangle Examples 1.xlsx,
2001,35,683.5528,Reported Count,Count,Triangle Examples 1.xlsx,
2001,47,683.5528,Reported Count,Count,Triangle Examples 1.xlsx,
2001,59,683.5528,Reported Count,Count,Triangle Examples 1.xlsx,
2001,71,683.5528,Reported Count,Count,Triangle Examples 1.xlsx,
2001,83,700.7076000000001,Reported Count,Count,Triangle Examples 1.xlsx,
2001,95,700.7076000000001,Reported Count,Count,Triangle Examples 1.xlsx,
2001,107,700.7076000000001,Reported Count,Count,Triangle Examples 1.xlsx,
2001,119,700.7076000000001,Reported Count,Count,Triangle Examples 1.xlsx,
2001,131,700.7076000000001,Reported Count,Count,Triangle Examples 1.xlsx,
2001,143,700.7076000000001,Reported Count,Count,Triangle Examples 1.xlsx,
2001,155,700.7076000000001,Reported Count,Count,Triangle Examples 1.xlsx,
2001,167,700.7076000000001,Reported Count,Count,Triangle Examples 1.xlsx,
2001,179,700.7076000000001,Reported Count,Count,Triangle Examples 1.xlsx,
2001,191,700.7076000000001,Reported Count,Count,Triangle Examples 1.xlsx,
2001,203,700.7076000000001,Reported Count,Count,Triangle Examples 1.xlsx,
2001,215,700.7076000000001,Reported Count,Count,Triangle Examples 1.xlsx,
2001,227,700.7076000000001,Reported Count,Count,Triangle Examples 1.xlsx,
2001,239,700.7076000000001,Reported Count,Count,Triangle Examples 1.xlsx,
2001,251,700.7076000000001,Reported Count,Count,Triangle Examples 1.xlsx,
2001,263,700.7076000000001,Reported Count,Count,Triangle Examples 1.xlsx,
2001,275,700.7076000000001,Reported Count,Count,Triangle Examples 1.xlsx,
2001,287,700.7076000000001,Reported Count,Count,Triangle Examples 1.xlsx,
2002,11,613.614,Reported Count,Count,Triangle Examples 1.xlsx,
2002,23,634.7276,Reported Count,Count,Triangle Examples 1.xlsx,
2002,35,634.7276,Reported Count,Count,Triangle Examples 1.xlsx,
2002,47,634.7276,Reported Count,Count,Triangle Examples 1.xlsx,
2002,59,634.7276,Reported Count,Count,Triangle Examples 1.xlsx,
2002,71,651.8824000000001,Reported Count,Count,Triangle Examples 1.xlsx,
2002,83,651.8824000000001,Reported Count,Count,Triangle Examples 1.xlsx,
2002,95,651.8824000000001,Reported Count,Count,Triangle Examples 1.xlsx,
2002,107,651.8824000000001,Reported Count,Count,Triangle Examples 1.xlsx,
2002,119,651.8824000000001,Reported Count,Count,Triangle Examples 1.xlsx,
2002,131,651.8824000000001,Reported Count,Count,Triangle Examples 1.xlsx,
2002,143,651.8824000000001,Reported Count,Count,Triangle Examples 1.xlsx,
2002,155,651.8824000000001,Reported Count,Count,Triangle Examples 1.xlsx,
2002,167,651.8824000000001,Reported Count,Count,Triangle Examples 1.xlsx,
2002,179,651.8824000000001,Reported Count,Count,Triangle Examples 1.xlsx,
2002,191,651.8824000000001,Reported Count,Count,Triangle Examples 1.xlsx,
2002,203,651.8824000000001,Reported Count,Count,Triangle Examples 1.xlsx,
2002,215,651.8824000000001,Reported Count,Count,Triangle Examples 1.xlsx,
2002,227,651.8824000000001,Reported Count,Count,Triangle Examples 1.xlsx,
2002,239,651.8824000000001,Reported Count,Count,Triangle Examples 1.xlsx,
2002,251,651.8824000000001,Reported Count,Count,Triangle Examples 1.xlsx,
2002,263,651.8824000000001,Reported Count,Count,Triangle Examples 1.xlsx,
2002,275,651.8824000000001,Reported Count,Count,Triangle Examples 1.xlsx,
2003,11,534.438,Reported Count,Count,Triangle Examples 1.xlsx,
2003,23,552.9124,Reported Count,Count,Triangle Examples 1.xlsx,
2003,35,552.9124,Reported Count,Count,Triangle Examples 1.xlsx,
2003,47,552.9124,Reported Count,Count,Triangle Examples 1.xlsx,
2003,59,550.2732000000001,Reported Count,Count,Triangle Examples 1.xlsx,
2003,71,550.2732000000001,Reported Count,Count,Triangle Examples 1.xlsx,
2003,83,551.5928,Reported Count,Count,Triangle Examples 1.xlsx,
2003,95,551.5928,Reported Count,Count,Triangle Examples 1.xlsx,
2003,107,551.5928,Reported Count,Count,Triangle Examples 1.xlsx,
2003,119,551.5928,Reported Count,Count,Triangle Examples 1.xlsx,
2003,131,551.5928,Reported Count,Count,Triangle Examples 1.xlsx,
2003,143,551.5928,Reported Count,Count,Triangle Examples 1.xlsx,
2003,155,551.5928,Reported Count,Count,Triangle Examples 1.xlsx,
2003,167,551.5928,Reported Count,Count,Triangle Examples 1.xlsx,
2003,179,551.5928,Reported Count,Count,Triangle Examples 1.xlsx,
2003,191,551.5928,Reported Count,Count,Triangle Examples 1.xlsx,
2003,203,551.5928,Reported Count,Count,Triangle Examples 1.xlsx,
2003,215,551.5928,Reported Count,Count,Triangle Examples 1.xlsx,
2003,227,551.5928,Reported Count,Count,Triangle Examples 1.xlsx,
2003,239,551.5928,Reported Count,Count,Triangle Examples 1.xlsx,
2003,251,551.5928,Reported Count,Count,Triangle Examples 1.xlsx,
2003,263,551.5928,Reported Count,Count,Triangle Examples 1.xlsx,
2004,11,603.0572000000001,Reported Count,Count,Triangle Examples 1.xlsx,
2004,23,638.6864,Reported Count,Count,Triangle Examples 1.xlsx,
2004,35,638.6864,Reported Count,Count,Triangle Examples 1.xlsx,
2004,47,641.3256,Reported Count,Count,Triangle Examples 1.xlsx,
2004,59,642.6452,Reported Count,Count,Triangle Examples 1.xlsx,
2004,71,642.6452,Reported Count,Count,Triangle Examples 1.xlsx,
2004,83,642.6452,Reported Count,Count,Triangle Examples 1.xlsx,
2004,95,642.6452,Reported Count,Count,Triangle Examples 1.xlsx,
2004,107,642.6452,Reported Count,Count,Triangle Examples 1.xlsx,
2004,119,642.6452,Reported Count,Count,Triangle Examples 1.xlsx,
2004,131,642.6452,Reported Count,Count,Triangle Examples 1.xlsx,
2004,143,642.6452,Reported Count,Count,Triangle Examples 1.xlsx,
2004,155,642.6452,Reported Count,Count,Triangle Examples 1.xlsx,
2004,167,642.6452,Reported Count,Count,Triangle Examples 1.xlsx,
2004,179,642.6452,Reported Count,Count,Triangle Examples 1.xlsx,
2004,191,642.6452,Reported Count,Count,Triangle Examples 1.xlsx,
2004,203,642.6452,Reported Count,Count,Triangle Examples 1.xlsx,
2004,215,642.6452,Reported Count,Count,Triangle Examples 1.xlsx,
2004,227,642.6452,Reported Count,Count,Triangle Examples 1.xlsx,
2004,239,642.6452,Reported Count,Count,Triangle Examples 1.xlsx,
2004,251,642.6452,Reported Count,Count,Triangle Examples 1.xlsx,
2005,11,626.8100000000001,Reported Count,Count,Triangle Examples 1.xlsx,
2005,23,641.3256,Reported Count,Count,Triangle Examples 1.xlsx,
2005,35,642.6452,Reported Count,Count,Triangle Examples 1.xlsx,
2005,47,641.3256,Reported Count,Count,Triangle Examples 1.xlsx,
2005,59,641.3256,Reported Count,Count,Triangle Examples 1.xlsx,
2005,71,641.3256,Reported Count,Count,Triangle Examples 1.xlsx,
2005,83,641.3256,Reported Count,Count,Triangle Examples 1.xlsx,
2005,95,641.3256,Reported Count,Count,Triangle Examples 1.xlsx,
2005,107,641.3256,Reported Count,Count,Triangle Examples 1.xlsx,
2005,119,641.3256,Reported Count,Count,Triangle Examples 1.xlsx,
2005,131,641.3256,Reported Count,Count,Triangle Examples 1.xlsx,
2005,143,641.3256,Reported Count,Count,Triangle Examples 1.xlsx,
2005,155,641.3256,Reported Count,Count,Triangle Examples 1.xlsx,
2005,167,641.3256,Reported Count,Count,Triangle Examples 1.xlsx,
2005,179,641.3256,Reported Count,Count,Triangle Examples 1.xlsx,
2005,191,641.3256,Reported Count,Count,Triangle Examples 1.xlsx,
2005,203,641.3256,Reported Count,Count,Triangle Examples 1.xlsx,
2005,215,641.3256,Reported Count,Count,Triangle Examples 1.xlsx,
2005,227,641.3256,Reported Count,Count,Triangle Examples 1.xlsx,
2005,239,641.3256,Reported Count,Count,Triangle Examples 1.xlsx,
2006,11,479.01480000000004,Reported Count,Count,Triangle Examples 1.xlsx,
2006,23,497.48920000000004,Reported Count,Count,Triangle Examples 1.xlsx,
2006,35,497.48920000000004,Reported Count,Count,Triangle Examples 1.xlsx,
2006,47,497.48920000000004,Reported Count,Count,Triangle Examples 1.xlsx,
2006,59,497.48920000000004,Reported Count,Count,Triangle Examples 1.xlsx,
2006,71,497.48920000000004,Reported Count,Count,Triangle Examples 1.xlsx,
2006,83,497.48920000000004,Reported Count,Count,Triangle Examples 1.xlsx,
2006,95,497.48920000000004,Reported Count,Count,Triangle Examples 1.xlsx,
2006,107,497.48920000000004,Reported Count,Count,Triangle Examples 1.xlsx,
2006,119,497.48920000000004,Reported Count,Count,Triangle Examples 1.xlsx,
2006,131,497.48920000000004,Reported Count,Count,Triangle Examples 1.xlsx,
2006,143,497.48920000000004,Reported Count,Count,Triangle Examples 1.xlsx,
2006,155,497.48920000000004,Reported Count,Count,Triangle Examples 1.xlsx,
2006,167,497.48920000000004,Reported Count,Count,Triangle Examples 1.xlsx,
2006,179,497.48920000000004,Reported Count,Count,Triangle Examples 1.xlsx,
2006,191,497.48920000000004,Reported Count,Count,Triangle Examples 1.xlsx,
2006,203,497.48920000000004,Reported Count,Count,Triangle Examples 1.xlsx,
2006,215,497.48920000000004,Reported Count,Count,Triangle Examples 1.xlsx,
2006,227,497.48920000000004,Reported Count,Count,Triangle Examples 1.xlsx,
2007,11,456.58160000000004,Reported Count,Count,Triangle Examples 1.xlsx,
2007,23,476.3756,Reported Count,Count,Triangle Examples 1.xlsx,
2007,35,476.3756,Reported Count,Count,Triangle Examples 1.xlsx,
2007,47,476.3756,Reported Count,Count,Triangle Examples 1.xlsx,
2007,59,476.3756,Reported Count,Count,Triangle Examples 1.xlsx,
2007,71,476.3756,Reported Count,Count,Triangle Examples 1.xlsx,
2007,83,476.3756,Reported Count,Count,Triangle Examples 1.xlsx,
2007,95,476.3756,Reported Count,Count,Triangle Examples 1.xlsx,
2007,107,476.3756,Reported Count,Count,Triangle Examples 1.xlsx,
2007,119,476.3756,Reported Count,Count,Triangle Examples 1.xlsx,
2007,131,476.3756,Reported Count,Count,Triangle Examples 1.xlsx,
2007,143,476.3756,Reported Count,Count,Triangle Examples 1.xlsx,
2007,155,476.3756,Reported Count,Count,Triangle Examples 1.xlsx,
2007,167,476.3756,Reported Count,Count,Triangle Examples 1.xlsx,
2007,179,476.3756,Reported Count,Count,Triangle Examples 1.xlsx,
2007,191,476.3756,Reported Count,Count,Triangle Examples 1.xlsx,
2007,203,476.3756,Reported Count,Count,Triangle Examples 1.xlsx,
2007,215,476.3756,Reported Count,Count,Triangle Examples 1.xlsx,
2008,11,307.46680000000003,Reported Count,Count,Triangle Examples 1.xlsx,
2008,23,327.2608,Reported Count,Count,Triangle Examples 1.xlsx,
2008,35,328.58040000000005,Reported Count,Count,Triangle Examples 1.xlsx,
2008,47,328.58040000000005,Reported Count,Count,Triangle Examples 1.xlsx,
2008,59,328.58040000000005,Reported Count,Count,Triangle Examples 1.xlsx,
2008,71,328.58040000000005,Reported Count,Count,Triangle Examples 1.xlsx,
2008,83,328.58040000000005,Reported Count,Count,Triangle Examples 1.xlsx,
2008,95,328.58040000000005,Reported Count,Count,Triangle Examples 1.xlsx,
2008,107,328.58040000000005,Reported Count,Count,Triangle Examples 1.xlsx,
2008,119,328.58040000000005,Reported Count,Count,Triangle Examples 1.xlsx,
2008,131,328.58040000000005,Reported Count,Count,Triangle Examples 1.xlsx,
2008,143,328.58040000000005,Reported Count,Count,Triangle Examples 1.xlsx,
2008,155,328.58040000000005,Reported Count,Count,Triangle Examples 1.xlsx,
2008,167,328.58040000000005,Reported Count,Count,Triangle Examples 1.xlsx,
2008,179,328.58040000000005,Reported Count,Count,Triangle Examples 1.xlsx,
2008,191,328.58040000000005,Reported Count,Count,Triangle Examples 1.xlsx,
2008,203,328.58040000000005,Reported Count,Count,Triangle Examples 1.xlsx,
2009,11,306.1472,Reported Count,Count,Triangle Examples 1.xlsx,
2009,23,320.6628,Reported Count,Count,Triangle Examples 1.xlsx,
2009,35,321.98240000000004,Reported Count,Count,Triangle Examples 1.xlsx,
2009,47,321.98240000000004,Reported Count,Count,Triangle Examples 1.xlsx,
2009,59,321.98240000000004,Reported Count,Count,Triangle Examples 1.xlsx,
2009,71,321.98240000000004,Reported Count,Count,Triangle Examples 1.xlsx,
2009,83,321.98240000000004,Reported Count,Count,Triangle Examples 1.xlsx,
2009,95,321.98240000000004,Reported Count,Count,Triangle Examples 1.xlsx,
2009,107,321.98240000000004,Reported Count,Count,Triangle Examples 1.xlsx,
2009,119,321.98240000000004,Reported Count,Count,Triangle Examples 1.xlsx,
2009,131,321.98240000000004,Reported Count,Count,Triangle Examples 1.xlsx,
2009,143,321.98240000000004,Reported Count,Count,Triangle Examples 1.xlsx,
2009,155,321.98240000000004,Reported Count,Count,Triangle Examples 1.xlsx,
2009,167,321.98240000000004,Reported Count,Count,Triangle Examples 1.xlsx,
2009,179,321.98240000000004,Reported Count,Count,Triangle Examples 1.xlsx,
2009,191,321.98240000000004,Reported Count,Count,Triangle Examples 1.xlsx,
2010,11,259.9612,Reported Count,Count,Triangle Examples 1.xlsx,
2010,23,271.8376,Reported Count,Count,Triangle Examples 1.xlsx,
2010,35,271.8376,Reported Count,Count,Triangle Examples 1.xlsx,
2010,47,271.8376,Reported Count,Count,Triangle Examples 1.xlsx,
2010,59,271.8376,Reported Count,Count,Triangle Examples 1.xlsx,
2010,71,271.8376,Reported Count,Count,Triangle Examples 1.xlsx,
2010,83,271.8376,Reported Count,Count,Triangle Examples 1.xlsx,
2010,95,271.8376,Reported Count,Count,Triangle Examples 1.xlsx,
2010,107,271.8376,Reported Count,Count,Triangle Examples 1.xlsx,
2010,119,271.8376,Reported Count,Count,Triangle Examples 1.xlsx,
2010,131,271.8376,Reported Count,Count,Triangle Examples 1.xlsx,
2010,143,271.8376,Reported Count,Count,Triangle Examples 1.xlsx,
2010,155,271.8376,Reported Count,Count,Triangle Examples 1.xlsx,
2010,167,271.8376,Reported Count,Count,Triangle Examples 1.xlsx,
2010,179,271.8376,Reported Count,Count,Triangle Examples 1.xlsx,
2011,11,345.7352,Reported Count,Count,Triangle Examples 1.xlsx,
2011,23,345.7352,Reported Count,Count,Triangle Examples 1.xlsx,
2011,35,345.7352,Reported Count,Count,Triangle Examples 1.xlsx,
2011,47,345.7352,Reported Count,Count,Triangle Examples 1.xlsx,
2011,59,345.7352,Reported Count,Count,Triangle Examples 1.xlsx,
2011,71,345.7352,Reported Count,Count,Triangle Examples 1.xlsx,
2011,83,345.7352,Reported Count,Count,Triangle Examples 1.xlsx,
2011,95,345.7352,Reported Count,Count,Triangle Examples 1.xlsx,
2011,107,345.7352,Reported Count,Count,Triangle Examples 1.xlsx,
2011,119,345.7352,Reported Count,Count,Triangle Examples 1.xlsx,
2011,131,345.7352,Reported Count,Count,Triangle Examples 1.xlsx,
2011,143,345.7352,Reported Count,Count,Triangle Examples 1.xlsx,
2011,155,345.7352,Reported Count,Count,Triangle Examples 1.xlsx,
2011,167,345.7352,Reported Count,Count,Triangle Examples 1.xlsx,
2012,11,245.4456,Reported Count,Count,Triangle Examples 1.xlsx,
2012,23,261.2808,Reported Count,Count,Triangle Examples 1.xlsx,
2012,35,261.2808,Reported Count,Count,Triangle Examples 1.xlsx,
2012,47,261.2808,Reported Count,Count,Triangle Examples 1.xlsx,
2012,59,261.2808,Reported Count,Count,Triangle Examples 1.xlsx,
2012,71,261.2808,Reported Count,Count,Triangle Examples 1.xlsx,
2012,83,261.2808,Reported Count,Count,Triangle Examples 1.xlsx,
2012,95,261.2808,Reported Count,Count,Triangle Examples 1.xlsx,
2012,107,261.2808,Reported Count,Count,Triangle Examples 1.xlsx,
2012,119,261.2808,Reported Count,Count,Triangle Examples 1.xlsx,
2012,131,261.2808,Reported Count,Count,Triangle Examples 1.xlsx,
2012,143,261.2808,Reported Count,Count,Triangle Examples 1.xlsx,
2012,155,261.2808,Reported Count,Count,Triangle Examples 1.xlsx,
2013,11,282.3944,Reported Count,Count,Triangle Examples 1.xlsx,
2013,23,290.312,Reported Count,Count,Triangle Examples 1.xlsx,
2013,35,290.312,Reported Count,Count,Triangle Examples 1.xlsx,
2013,47,291.63160000000005,Reported Count,Count,Triangle Examples 1.xlsx,
2013,59,291.63160000000005,Reported Count,Count,Triangle Examples 1.xlsx,
2013,71,291.63160000000005,Reported Count,Count,Triangle Examples 1.xlsx,
2013,83,291.63160000000005,Reported Count,Count,Triangle Examples 1.xlsx,
2013,95,291.63160000000005,Reported Count,Count,Triangle Examples 1.xlsx,
2013,107,291.63160000000005,Reported Count,Count,Triangle Examples 1.xlsx,
2013,119,291.63160000000005,Reported Count,Count,Triangle Examples 1.xlsx,
2013,131,291.63160000000005,Reported Count,Count,Triangle Examples 1.xlsx,
2013,143,291.63160000000005,Reported Count,Count,Triangle Examples 1.xlsx,
2014,11,434.14840000000004,Reported Count,Count,Triangle Examples 1.xlsx,
2014,23,453.9424,Reported Count,Count,Triangle Examples 1.xlsx,
2014,35,455.26200000000006,Reported Count,Count,Triangle Examples 1.xlsx,
2014,47,455.26200000000006,Reported Count,Count,Triangle Examples 1.xlsx,
2014,59,455.26200000000006,Reported Count,Count,Triangle Examples 1.xlsx,
2014,71,455.26200000000006,Reported Count,Count,Triangle Examples 1.xlsx,
2014,83,455.26200000000006,Reported Count,Count,Triangle Examples 1.xlsx,
2014,95,455.26200000000006,Reported Count,Count,Triangle Examples 1.xlsx,
2014,107,455.26200000000006,Reported Count,Count,Triangle Examples 1.xlsx,
2014,119,455.26200000000006,Reported Count,Count,Triangle Examples 1.xlsx,
2014,131,455.26200000000006,Reported Count,Count,Triangle Examples 1.xlsx,
2015,11,321.98240000000004,Reported Count,Count,Triangle Examples 1.xlsx,
2015,23,332.53920000000005,Reported Count,Count,Triangle Examples 1.xlsx,
2015,35,337.8176,Reported Count,Count,Triangle Examples 1.xlsx,
2015,47,337.8176,Reported Count,Count,Triangle Examples 1.xlsx,
2015,59,337.8176,Reported Count,Count,Triangle Examples 1.xlsx,
2015,71,337.8176,Reported Count,Count,Triangle Examples 1.xlsx,
2015,83,337.8176,Reported Count,Count,Triangle Examples 1.xlsx,
2015,95,337.8176,Reported Count,Count,Triangle Examples 1.xlsx,
2015,107,337.8176,Reported Count,Count,Triangle Examples 1.xlsx,
2015,119,333.85880000000003,Reported Count,Count,Triangle Examples 1.xlsx,
2016,11,345.7352,Reported Count,Count,Triangle Examples 1.xlsx,
2016,23,373.44680000000005,Reported Count,Count,Triangle Examples 1.xlsx,
2016,35,390.6016,Reported Count,Count,Triangle Examples 1.xlsx,
2016,47,390.6016,Reported Count,Count,Triangle Examples 1.xlsx,
2016,59,390.6016,Reported Count,Count,Triangle Examples 1.xlsx,
2016,71,390.6016,Reported Count,Count,Triangle Examples 1.xlsx,
2016,83,390.6016,Reported Count,Count,Triangle Examples 1.xlsx,
2016,95,390.6016,Reported Count,Count,Triangle Examples 1.xlsx,
2016,107,390.6016,Reported Count,Count,Triangle Examples 1.xlsx,
2017,11,275.7964,Reported Count,Count,Triangle Examples 1.xlsx,
2017,23,310.10600000000005,Reported Count,Count,Triangle Examples 1.xlsx,
2017,35,311.42560000000003,Reported Count,Count,Triangle Examples 1.xlsx,
2017,47,312.7452,Reported Count,Count,Triangle Examples 1.xlsx,
2017,59,311.42560000000003,Reported Count,Count,Triangle Examples 1.xlsx,
2017,71,311.42560000000003,Reported Count,Count,Triangle Examples 1.xlsx,
2017,83,311.42560000000003,Reported Count,Count,Triangle Examples 1.xlsx,
2017,95,310.10600000000005,Reported Count,Count,Triangle Examples 1.xlsx,
2018,11,288.99240000000003,Reported Count,Count,Triangle Examples 1.xlsx,
2018,23,324.6216,Reported Count,Count,Triangle Examples 1.xlsx,
2018,35,324.6216,Reported Count,Count,Triangle Examples 1.xlsx,
2018,47,324.6216,Reported Count,Count,Triangle Examples 1.xlsx,
2018,59,325.94120000000004,Reported Count,Count,Triangle Examples 1.xlsx,
2018,71,325.94120000000004,Reported Count,Count,Triangle Examples 1.xlsx,
2018,83,325.94120000000004,Reported Count,Count,Triangle Examples 1.xlsx,
2019,11,314.06480000000005,Reported Count,Count,Triangle Examples 1.xlsx,
2019,23,358.93120000000005,Reported Count,Count,Triangle Examples 1.xlsx,
2019,35,358.93120000000005,Reported Count,Count,Triangle Examples 1.xlsx,
2019,47,358.93120000000005,Reported Count,Count,Triangle Examples 1.xlsx,
2019,59,358.93120000000005,Reported Count,Count,Triangle Examples 1.xlsx,
2019,71,357.6116,Reported Count,Count,Triangle Examples 1.xlsx,
2020,11,349.694,Reported Count,Count,Triangle Examples 1.xlsx,
2020,23,370.80760000000004,Reported Count,Count,Triangle Examples 1.xlsx,
2020,35,370.80760000000004,Reported Count,Count,Triangle Examples 1.xlsx,
2020,47,370.80760000000004,Reported Count,Count,Triangle Examples 1.xlsx,
2020,59,370.80760000000004,Reported Count,Count,Triangle Examples 1.xlsx,
2021,11,288.99240000000003,Reported Count,Count,Triangle Examples 1.xlsx,
2021,23,329.90000000000003,Reported Count,Count,Triangle Examples 1.xlsx,
2021,35,329.90000000000003,Reported Count,Count,Triangle Examples 1.xlsx,
2021,47,329.90000000000003,Reported Count,Count,Triangle Examples 1.xlsx,
2022,11,261.2808,Reported Count,Count,Triangle Examples 1.xlsx,
2022,23,298.2296,Reported Count,Count,Triangle Examples 1.xlsx,
2022,35,298.2296,Reported Count,Count,Triangle Examples 1.xlsx,
2023,11,273.15720000000005,Reported Count,Count,Triangle Examples 1.xlsx,
2023,23,304.8276,Reported Count,Count,Triangle Examples 1.xlsx,
2024,11,256.0024,Reported Count,Count,Triangle Examples 1.xlsx,
2001,,316377369.9688,Exposure,Count,Triangle Examples 1.xlsx,
2002,,322704917.4,Exposure,Count,Triangle Examples 1.xlsx,
2003,,329159015.7,Exposure,Count,Triangle Examples 1.xlsx,
2004,,335742196.0,Exposure,Count,Triangle Examples 1.xlsx,
2005,,342457040.0,Exposure,Count,Triangle Examples 1.xlsx,
2006,,349306180.7,Exposure,Count,Triangle Examples 1.xlsx,
2007,,356292304.4,Exposure,Count,Triangle Examples 1.xlsx,
2008,,363418150.5,Exposure,Count,Triangle Examples 1.xlsx,
2009,,370686513.5,Exposure,Count,Triangle Examples 1.xlsx,
2010,,378100243.7,Exposure,Count,Triangle Examples 1.xlsx,
2011,,385662248.6,Exposure,Count,Triangle Examples 1.xlsx,
2012,,393375493.6,Exposure,Count,Triangle Examples 1.xlsx,
2013,,401243003.4,Exposure,Count,Triangle Examples 1.xlsx,
2014,,409267863.5,Exposure,Count,Triangle Examples 1.xlsx,
2015,,417453220.8,Exposure,Count,Triangle Examples 1.xlsx,
2016,,425802285.2,Exposure,Count,Triangle Examples 1.xlsx,
2017,,434318330.9,Exposure,Count,Triangle Examples 1.xlsx,
2018,,443004697.5,Exposure,Count,Triangle Examples 1.xlsx,
2019,,451864791.5,Exposure,Count,Triangle Examples 1.xlsx,
2020,,460902087.3,Exposure,Count,Triangle Examples 1.xlsx,
2021,,470120129.1,Exposure,Count,Triangle Examples 1.xlsx,
2022,,479522531.6,Exposure,Count,Triangle Examples 1.xlsx,
2023,,489112982.3,Exposure,Count,Triangle Examples 1.xlsx,
2024,,498895241.9,Exposure,Count,Triangle Examples 1.xlsx,
